№,Рубрика,Тема поста,Текст поста (EN),Ссылка,Описание картинки,Статус,Дата публикации
1,🎉 Seasonal,Summer prep,"☀️ Summer is almost here!

If you're planning a trip abroad this season — get your eSIM sorted before you go.

✅ 150+ countries covered
✅ Instant QR delivery
✅ No roaming surprises

Where are you headed this summer? 👇
https://t.me/Esimsdata_bot | https://esimsdata.com/",https://t.me/Esimsdata_bot | https://esimsdata.com/,"May seasonal travel, warm tones",📋 Draft,21.05.2026
2,📱 App feature,Know your data balance before it hits zero 📡,"One of the most useful features in our Mini App:

'My eSIMs' shows your live data balance — so you can top up before running out, not after.

✅ Real-time balance tracking
✅ Instant top-up option
✅ All your eSIMs in one view

Open Mini App 👇",https://t.me/Esimsdata_bot,"Telegram mini app UI, feature highlight, clean design",📋 Draft,22.05.2026
3,📶 Plan spotlight,Featured: Thailand 🇹🇭 — all plans this week,"This week we spotlight Thailand 🇹🇭

📶 Plans: 1GB/7d · 3GB/30d · 5GB/30d · 10GB/30d · 20GB/30d
🔗 Network: AIS

Available in our Mini App 👇",https://t.me/Esimsdata_bot | https://esimsdata.com/," travel photo, plan badge, operator logo",📋 Draft,25.05.2026
4,📰 News,🔒 Privacy reminder: Our eSIM plans don't require ID or local operator registrati,"🔒 Privacy reminder: Our eSIM plans don't require ID or local operator registration.

For privacy-conscious travelers — no passport scan, no contract.
✅ Works in 150+ countries

Get yours 👇",https://t.me/Esimsdata_bot | https://esimsdata.com/,"Network tower,  map, tech aesthetic",📋 Draft,26.05.2026
5,📰 News,🎁 First time buying an eSIM? Use promo code FIRST5 for 5% off your first plan.,"🎁 First time buying an eSIM? Use promo code FIRST5 for 5% off your first plan.

Works on any plan, any country.
Apply at checkout in our Mini App.

Get your first eSIM 👇",https://t.me/Esimsdata_bot | https://esimsdata.com/,"Network tower,  map, tech aesthetic",📋 Draft,28.05.2026
6,📰 News,📱 Our Mini App is available in English and Russian.,"📱 Our Mini App is available in English and Russian.

Manage your eSIMs, track data balance, top up — all inside Telegram.
No separate app needed.

Open Mini App 👇",https://t.me/Esimsdata_bot | https://esimsdata.com/,"Network tower,  map, tech aesthetic",📋 Draft,29.05.2026
7,📶 Plan spotlight,Featured: Vietnam 🇻🇳 — all plans this week,"This week we spotlight Vietnam 🇻🇳

📶 Plans: 1GB/7d · 3GB/30d · 5GB/30d · 10GB/30d · 20GB/30d
🔗 Network: MobiFone

Available in our Mini App 👇",https://t.me/Esimsdata_bot | https://esimsdata.com/," travel photo, plan badge, operator logo",📋 Draft,01.06.2026
8,📰 News,📊 Usage tip: use our Traffic Calculator to find the right plan size.,"📊 Usage tip: use our Traffic Calculator to find the right plan size.

Tell us your travel style (tourist / nomad / blogger) and we'll recommend the perfect plan.

Open Mini App 👇",https://t.me/Esimsdata_bot | https://esimsdata.com/,"Network tower,  map, tech aesthetic",📋 Draft,02.06.2026
9,📰 News,"👥 Refer a friend, both save 6%.","👥 Refer a friend, both save 6%.

Our referral program:
✅ Friend gets 6% off
✅ You earn 6% promo credit
✅ No limits on referrals

Find your link in the Mini App 👇",https://t.me/Esimsdata_bot | https://esimsdata.com/,"Network tower,  map, tech aesthetic",📋 Draft,04.06.2026
10,📰 News,📣 Update: Our Vietnam 🇻🇳 and Thailand 🇹🇭 eSIM plans now include real local phone,"📣 Update: Our Vietnam 🇻🇳 and Thailand 🇹🇭 eSIM plans now include real local phone numbers (+84 & +66).

Calls + data in one eSIM.
✅ Register on Zalo, Line, Grab
✅ Receive OTPs on local services

Get yours 👇",https://t.me/Esimsdata_bot | https://esimsdata.com/,"Network tower,  map, tech aesthetic",📋 Draft,05.06.2026
11,📶 Plan spotlight,Featured: Indonesia 🇮🇩 — all plans this week,"This week we spotlight Indonesia 🇮🇩

📶 Plans: 1GB/7d · 3GB/30d · 5GB/30d · 10GB/30d · 20GB/30d
🔗 Network: Indosat / Telkomsel / 3

Available in our Mini App 👇",https://t.me/Esimsdata_bot | https://esimsdata.com/," travel photo, plan badge, operator logo",📋 Draft,08.06.2026
12,📰 News,🌍 New countries added to our Global eSIM coverage.,"🌍 New countries added to our Global eSIM coverage.

106 countries on one plan — that's the Global eSIM.
Perfect for frequent travelers and digital nomads.

Get your Global eSIM 👇",https://t.me/Esimsdata_bot | https://esimsdata.com/,"Network tower,  map, tech aesthetic",📋 Draft,09.06.2026
13,📰 News,💡 Did you know? Our eSIM plans include Top-up support on most plans.,"💡 Did you know? Our eSIM plans include Top-up support on most plans.

Running low mid-trip? Add data in one tap from our Mini App.
No new QR code needed.

Open Mini App 👇",https://t.me/Esimsdata_bot | https://esimsdata.com/,"Network tower,  map, tech aesthetic",📋 Draft,11.06.2026
14,📰 News,🔒 Privacy reminder: Our eSIM plans don't require ID or local operator registrati,"🔒 Privacy reminder: Our eSIM plans don't require ID or local operator registration.

For privacy-conscious travelers — no passport scan, no contract.
✅ Works in 150+ countries

Get yours 👇",https://t.me/Esimsdata_bot | https://esimsdata.com/,"Network tower,  map, tech aesthetic",📋 Draft,12.06.2026
15,📶 Plan spotlight,Featured: USA 🇺🇸 — all plans this week,"This week we spotlight USA 🇺🇸

📶 Plans: 1GB/7d · 3GB/30d · 5GB/30d · 10GB/30d · 20GB/30d
🔗 Network: AT&T / Verizon

Available in our Mini App 👇",https://t.me/Esimsdata_bot | https://esimsdata.com/," travel photo, plan badge, operator logo",📋 Draft,15.06.2026
16,📰 News,📱 Our Mini App is available in English and Russian.,"📱 Our Mini App is available in English and Russian.

Manage your eSIMs, track data balance, top up — all inside Telegram.
No separate app needed.

Open Mini App 👇",https://t.me/Esimsdata_bot | https://esimsdata.com/,"Network tower,  map, tech aesthetic",📋 Draft,16.06.2026
17,📰 News,✅ Regional eSIM update: our Asia Regional plan now covers 18+ countries.,"✅ Regional eSIM update: our Asia Regional plan now covers 18+ countries.

Perfect for Southeast Asia tours — one plan for Thailand, Vietnam, Indonesia, Malaysia and more.

Get your Regional eSIM 👇",https://t.me/Esimsdata_bot | https://esimsdata.com/,"Network tower,  map, tech aesthetic",📋 Draft,18.06.2026
18,📱 App feature,Tourist? Blogger? Digital nomad? We calculate your data needs 🌍,"Different travel styles = different data needs.

Our calculator handles all of them:
✈️ Short trip light use → 1GB/7d
📸 Content creator → 10GB/30d
💻 Remote work → Unlimited

Find your perfect plan in seconds. Open Mini App 👇",https://t.me/Esimsdata_bot,"Telegram mini app UI, feature highlight, clean design",📋 Draft,19.06.2026
19,📶 Plan spotlight,Featured: Malaysia 🇲🇾 — all plans this week,"This week we spotlight Malaysia 🇲🇾

📶 Plans: 1GB/7d · 3GB/30d · 5GB/30d · 10GB/30d · 20GB/30d
🔗 Network: Maxis / U Mobile

Available in our Mini App 👇",https://t.me/Esimsdata_bot | https://esimsdata.com/," travel photo, plan badge, operator logo",📋 Draft,22.06.2026
20,📰 News,📣 Update: Our Vietnam 🇻🇳 and Thailand 🇹🇭 eSIM plans now include real local phone,"📣 Update: Our Vietnam 🇻🇳 and Thailand 🇹🇭 eSIM plans now include real local phone numbers (+84 & +66).

Calls + data in one eSIM.
✅ Register on Zalo, Line, Grab
✅ Receive OTPs on local services

Get yours 👇",https://t.me/Esimsdata_bot | https://esimsdata.com/,"Network tower,  map, tech aesthetic",📋 Draft,23.06.2026
21,📰 News,📡 5G coverage is expanding across 20+ countries we serve.,"📡 5G coverage is expanding across 20+ countries we serve.

Faster speeds at airports, hotels and city centers.
Our plans automatically connect to the best available network.

Check your destination 👇",https://t.me/Esimsdata_bot | https://esimsdata.com/,"Network tower,  map, tech aesthetic",📋 Draft,25.06.2026
22,📰 News,🌍 New countries added to our Global eSIM coverage.,"🌍 New countries added to our Global eSIM coverage.

106 countries on one plan — that's the Global eSIM.
Perfect for frequent travelers and digital nomads.

Get your Global eSIM 👇",https://t.me/Esimsdata_bot | https://esimsdata.com/,"Network tower,  map, tech aesthetic",📋 Draft,26.06.2026
23,📶 Plan spotlight,Featured: Hong Kong 🇭🇰 — all plans this week,"This week we spotlight Hong Kong 🇭🇰

📶 Plans: 1GB/7d · 3GB/30d · 5GB/30d · 10GB/30d · 20GB/30d
🔗 Network: HKT / Hutchison 3HK

Available in our Mini App 👇",https://t.me/Esimsdata_bot | https://esimsdata.com/," travel photo, plan badge, operator logo",📋 Draft,29.06.2026
24,📰 News,🔒 Privacy reminder: Our eSIM plans don't require ID or local operator registrati,"🔒 Privacy reminder: Our eSIM plans don't require ID or local operator registration.

For privacy-conscious travelers — no passport scan, no contract.
✅ Works in 150+ countries

Get yours 👇",https://t.me/Esimsdata_bot | https://esimsdata.com/,"Network tower,  map, tech aesthetic",📋 Draft,30.06.2026
25,📰 News,🎁 First time buying an eSIM? Use promo code FIRST5 for 5% off your first plan.,"🎁 First time buying an eSIM? Use promo code FIRST5 for 5% off your first plan.

Works on any plan, any country.
Apply at checkout in our Mini App.

Get your first eSIM 👇",https://t.me/Esimsdata_bot | https://esimsdata.com/,"Network tower,  map, tech aesthetic",📋 Draft,02.07.2026
26,📰 News,📱 Our Mini App is available in English and Russian.,"📱 Our Mini App is available in English and Russian.

Manage your eSIMs, track data balance, top up — all inside Telegram.
No separate app needed.

Open Mini App 👇",https://t.me/Esimsdata_bot | https://esimsdata.com/,"Network tower,  map, tech aesthetic",📋 Draft,03.07.2026
27,📶 Plan spotlight,Featured: Morocco 🇲🇦 — all plans this week,"This week we spotlight Morocco 🇲🇦

📶 Plans: 1GB/7d · 3GB/30d · 5GB/30d · 10GB/30d
🔗 Network: Maroc Telecom / INWI

Available in our Mini App 👇",https://t.me/Esimsdata_bot | https://esimsdata.com/," travel photo, plan badge, operator logo",📋 Draft,06.07.2026
28,📰 News,📊 Usage tip: use our Traffic Calculator to find the right plan size.,"📊 Usage tip: use our Traffic Calculator to find the right plan size.

Tell us your travel style (tourist / nomad / blogger) and we'll recommend the perfect plan.

Open Mini App 👇",https://t.me/Esimsdata_bot | https://esimsdata.com/,"Network tower,  map, tech aesthetic",📋 Draft,07.07.2026
29,📰 News,"👥 Refer a friend, both save 6%.","👥 Refer a friend, both save 6%.

Our referral program:
✅ Friend gets 6% off
✅ You earn 6% promo credit
✅ No limits on referrals

Find your link in the Mini App 👇",https://t.me/Esimsdata_bot | https://esimsdata.com/,"Network tower,  map, tech aesthetic",📋 Draft,09.07.2026
30,📰 News,📣 Update: Our Vietnam 🇻🇳 and Thailand 🇹🇭 eSIM plans now include real local phone,"📣 Update: Our Vietnam 🇻🇳 and Thailand 🇹🇭 eSIM plans now include real local phone numbers (+84 & +66).

Calls + data in one eSIM.
✅ Register on Zalo, Line, Grab
✅ Receive OTPs on local services

Get yours 👇",https://t.me/Esimsdata_bot | https://esimsdata.com/,"Network tower,  map, tech aesthetic",📋 Draft,10.07.2026
31,📶 Plan spotlight,Featured: Philippines 🇵🇭 — all plans this week,"This week we spotlight Philippines 🇵🇭

📶 Plans: 1GB/7d · 3GB/30d · 5GB/30d · 10GB/30d
🔗 Network: Globe Telecom

Available in our Mini App 👇",https://t.me/Esimsdata_bot | https://esimsdata.com/," travel photo, plan badge, operator logo",📋 Draft,13.07.2026
32,📰 News,🌍 New countries added to our Global eSIM coverage.,"🌍 New countries added to our Global eSIM coverage.

106 countries on one plan — that's the Global eSIM.
Perfect for frequent travelers and digital nomads.

Get your Global eSIM 👇",https://t.me/Esimsdata_bot | https://esimsdata.com/,"Network tower,  map, tech aesthetic",📋 Draft,14.07.2026
33,🎉 Seasonal,Mid-summer,"🏖️ Mid-summer travel update!

Still abroad? Running low on data? Top up your eSIM instantly from the app — no new QR needed.

✅ Real-time data balance in 'My eSIMs'
✅ Top-up with one tap
✅ Stay connected all summer

Open Mini App 👇
https://t.me/Esimsdata_bot | https://esimsdata.com/",https://t.me/Esimsdata_bot | https://esimsdata.com/,"July seasonal travel, warm tones",📋 Draft,16.07.2026
34,📱 App feature,Extended your trip? Extend your data too. ✈️,"Plans change. Data needs change.

If you're staying longer than planned:
✅ Check your balance in 'My eSIMs'
✅ Top up your active plan directly
✅ Or browse new plans for extended stays

Flexibility built in. Open Mini App 👇",https://t.me/Esimsdata_bot,"Telegram mini app UI, feature highlight, clean design",📋 Draft,17.07.2026
35,📶 Plan spotlight,Featured: Russia 🇷🇺 — all plans this week,"This week we spotlight Russia 🇷🇺

📶 Plans: 1GB/7d · 3GB/30d · 5GB/30d · 10GB/30d · 20GB/30d
🔗 Network: MegaFon

Available in our Mini App 👇",https://t.me/Esimsdata_bot | https://esimsdata.com/," travel photo, plan badge, operator logo",📋 Draft,20.07.2026
36,📰 News,📱 Our Mini App is available in English and Russian.,"📱 Our Mini App is available in English and Russian.

Manage your eSIMs, track data balance, top up — all inside Telegram.
No separate app needed.

Open Mini App 👇",https://t.me/Esimsdata_bot | https://esimsdata.com/,"Network tower,  map, tech aesthetic",📋 Draft,21.07.2026
37,📰 News,✅ Regional eSIM update: our Asia Regional plan now covers 18+ countries.,"✅ Regional eSIM update: our Asia Regional plan now covers 18+ countries.

Perfect for Southeast Asia tours — one plan for Thailand, Vietnam, Indonesia, Malaysia and more.

Get your Regional eSIM 👇",https://t.me/Esimsdata_bot | https://esimsdata.com/,"Network tower,  map, tech aesthetic",📋 Draft,23.07.2026
38,📰 News,📊 Usage tip: use our Traffic Calculator to find the right plan size.,"📊 Usage tip: use our Traffic Calculator to find the right plan size.

Tell us your travel style (tourist / nomad / blogger) and we'll recommend the perfect plan.

Open Mini App 👇",https://t.me/Esimsdata_bot | https://esimsdata.com/,"Network tower,  map, tech aesthetic",📋 Draft,24.07.2026
39,📶 Plan spotlight,Featured: Cambodia 🇰🇭 — all plans this week,"This week we spotlight Cambodia 🇰🇭

📶 Plans: 1GB/7d · 3GB/30d · 5GB/30d
🔗 Network: Metfone

Available in our Mini App 👇",https://t.me/Esimsdata_bot | https://esimsdata.com/," travel photo, plan badge, operator logo",📋 Draft,27.07.2026
40,📰 News,📣 Update: Our Vietnam 🇻🇳 and Thailand 🇹🇭 eSIM plans now include real local phone,"📣 Update: Our Vietnam 🇻🇳 and Thailand 🇹🇭 eSIM plans now include real local phone numbers (+84 & +66).

Calls + data in one eSIM.
✅ Register on Zalo, Line, Grab
✅ Receive OTPs on local services

Get yours 👇",https://t.me/Esimsdata_bot | https://esimsdata.com/,"Network tower,  map, tech aesthetic",📋 Draft,28.07.2026
41,📰 News,📡 5G coverage is expanding across 20+ countries we serve.,"📡 5G coverage is expanding across 20+ countries we serve.

Faster speeds at airports, hotels and city centers.
Our plans automatically connect to the best available network.

Check your destination 👇",https://t.me/Esimsdata_bot | https://esimsdata.com/,"Network tower,  map, tech aesthetic",📋 Draft,30.07.2026
42,📰 News,🌍 New countries added to our Global eSIM coverage.,"🌍 New countries added to our Global eSIM coverage.

106 countries on one plan — that's the Global eSIM.
Perfect for frequent travelers and digital nomads.

Get your Global eSIM 👇",https://t.me/Esimsdata_bot | https://esimsdata.com/,"Network tower,  map, tech aesthetic",📋 Draft,31.07.2026
43,📶 Plan spotlight,Featured: Kenya 🇰🇪 — all plans this week,"This week we spotlight Kenya 🇰🇪

📶 Plans: 1GB/7d · 3GB/30d · 5GB/30d · 10GB/30d · 20GB/30d
🔗 Network: Airtel Kenya

Available in our Mini App 👇",https://t.me/Esimsdata_bot | https://esimsdata.com/," travel photo, plan badge, operator logo",📋 Draft,03.08.2026
44,📰 News,🔒 Privacy reminder: Our eSIM plans don't require ID or local operator registrati,"🔒 Privacy reminder: Our eSIM plans don't require ID or local operator registration.

For privacy-conscious travelers — no passport scan, no contract.
✅ Works in 150+ countries

Get yours 👇",https://t.me/Esimsdata_bot | https://esimsdata.com/,"Network tower,  map, tech aesthetic",📋 Draft,04.08.2026
45,📰 News,🎁 First time buying an eSIM? Use promo code FIRST5 for 5% off your first plan.,"🎁 First time buying an eSIM? Use promo code FIRST5 for 5% off your first plan.

Works on any plan, any country.
Apply at checkout in our Mini App.

Get your first eSIM 👇",https://t.me/Esimsdata_bot | https://esimsdata.com/,"Network tower,  map, tech aesthetic",📋 Draft,06.08.2026
46,📰 News,📱 Our Mini App is available in English and Russian.,"📱 Our Mini App is available in English and Russian.

Manage your eSIMs, track data balance, top up — all inside Telegram.
No separate app needed.

Open Mini App 👇",https://t.me/Esimsdata_bot | https://esimsdata.com/,"Network tower,  map, tech aesthetic",📋 Draft,07.08.2026
47,📶 Plan spotlight,Featured: South Africa 🇿🇦 — all plans this week,"This week we spotlight South Africa 🇿🇦

📶 Plans: 1GB/7d · 3GB/30d · 5GB/30d · 10GB/30d · 20GB/30d
🔗 Network: Vodacom

Available in our Mini App 👇",https://t.me/Esimsdata_bot | https://esimsdata.com/," travel photo, plan badge, operator logo",📋 Draft,10.08.2026
48,📰 News,📊 Usage tip: use our Traffic Calculator to find the right plan size.,"📊 Usage tip: use our Traffic Calculator to find the right plan size.

Tell us your travel style (tourist / nomad / blogger) and we'll recommend the perfect plan.

Open Mini App 👇",https://t.me/Esimsdata_bot | https://esimsdata.com/,"Network tower,  map, tech aesthetic",📋 Draft,11.08.2026
49,📰 News,"👥 Refer a friend, both save 6%.","👥 Refer a friend, both save 6%.

Our referral program:
✅ Friend gets 6% off
✅ You earn 6% promo credit
✅ No limits on referrals

Find your link in the Mini App 👇",https://t.me/Esimsdata_bot | https://esimsdata.com/,"Network tower,  map, tech aesthetic",📋 Draft,13.08.2026
50,📱 App feature,Traveling Europe with 6 country stops? There's a plan for that 🇪🇺,"Our Regional eSIM lets you travel across a whole region on one plan.

✅ Asia, Europe, Americas, Africa, Middle East — all covered
✅ No SIM swapping between countries
✅ See exactly which countries are included before buying

Browse regional plans 👇",https://t.me/Esimsdata_bot,"Telegram mini app UI, feature highlight, clean design",📋 Draft,14.08.2026
51,📶 Plan spotlight,Featured: France 🇫🇷 — all plans this week,"This week we spotlight France 🇫🇷

📶 Plans: 1GB/7d · 3GB/30d · 5GB/30d · 10GB/30d · 20GB/30d
🔗 Network: Orange France

Available in our Mini App 👇",https://t.me/Esimsdata_bot | https://esimsdata.com/," travel photo, plan badge, operator logo",📋 Draft,17.08.2026
52,📰 News,🌍 New countries added to our Global eSIM coverage.,"🌍 New countries added to our Global eSIM coverage.

106 countries on one plan — that's the Global eSIM.
Perfect for frequent travelers and digital nomads.

Get your Global eSIM 👇",https://t.me/Esimsdata_bot | https://esimsdata.com/,"Network tower,  map, tech aesthetic",📋 Draft,18.08.2026
53,📰 News,💡 Did you know? Our eSIM plans include Top-up support on most plans.,"💡 Did you know? Our eSIM plans include Top-up support on most plans.

Running low mid-trip? Add data in one tap from our Mini App.
No new QR code needed.

Open Mini App 👇",https://t.me/Esimsdata_bot | https://esimsdata.com/,"Network tower,  map, tech aesthetic",📋 Draft,20.08.2026
54,📰 News,🔒 Privacy reminder: Our eSIM plans don't require ID or local operator registrati,"🔒 Privacy reminder: Our eSIM plans don't require ID or local operator registration.

For privacy-conscious travelers — no passport scan, no contract.
✅ Works in 150+ countries

Get yours 👇",https://t.me/Esimsdata_bot | https://esimsdata.com/,"Network tower,  map, tech aesthetic",📋 Draft,21.08.2026
55,📶 Plan spotlight,Featured: Thailand 🇹🇭 — all plans this week,"This week we spotlight Thailand 🇹🇭

📶 Plans: 1GB/7d · 3GB/30d · 5GB/30d · 10GB/30d · 20GB/30d
🔗 Network: AIS

Available in our Mini App 👇",https://t.me/Esimsdata_bot | https://esimsdata.com/," travel photo, plan badge, operator logo",📋 Draft,24.08.2026
56,📰 News,📱 Our Mini App is available in English and Russian.,"📱 Our Mini App is available in English and Russian.

Manage your eSIMs, track data balance, top up — all inside Telegram.
No separate app needed.

Open Mini App 👇",https://t.me/Esimsdata_bot | https://esimsdata.com/,"Network tower,  map, tech aesthetic",📋 Draft,25.08.2026
57,📰 News,✅ Regional eSIM update: our Asia Regional plan now covers 18+ countries.,"✅ Regional eSIM update: our Asia Regional plan now covers 18+ countries.

Perfect for Southeast Asia tours — one plan for Thailand, Vietnam, Indonesia, Malaysia and more.

Get your Regional eSIM 👇",https://t.me/Esimsdata_bot | https://esimsdata.com/,"Network tower,  map, tech aesthetic",📋 Draft,27.08.2026
58,📰 News,📊 Usage tip: use our Traffic Calculator to find the right plan size.,"📊 Usage tip: use our Traffic Calculator to find the right plan size.

Tell us your travel style (tourist / nomad / blogger) and we'll recommend the perfect plan.

Open Mini App 👇",https://t.me/Esimsdata_bot | https://esimsdata.com/,"Network tower,  map, tech aesthetic",📋 Draft,28.08.2026
59,📶 Plan spotlight,Featured: Vietnam 🇻🇳 — all plans this week,"This week we spotlight Vietnam 🇻🇳

📶 Plans: 1GB/7d · 3GB/30d · 5GB/30d · 10GB/30d · 20GB/30d
🔗 Network: MobiFone

Available in our Mini App 👇",https://t.me/Esimsdata_bot | https://esimsdata.com/," travel photo, plan badge, operator logo",📋 Draft,31.08.2026
60,📰 News,📣 Update: Our Vietnam 🇻🇳 and Thailand 🇹🇭 eSIM plans now include real local phone,"📣 Update: Our Vietnam 🇻🇳 and Thailand 🇹🇭 eSIM plans now include real local phone numbers (+84 & +66).

Calls + data in one eSIM.
✅ Register on Zalo, Line, Grab
✅ Receive OTPs on local services

Get yours 👇",https://t.me/Esimsdata_bot | https://esimsdata.com/,"Network tower,  map, tech aesthetic",📋 Draft,01.09.2026
61,📰 News,📡 5G coverage is expanding across 20+ countries we serve.,"📡 5G coverage is expanding across 20+ countries we serve.

Faster speeds at airports, hotels and city centers.
Our plans automatically connect to the best available network.

Check your destination 👇",https://t.me/Esimsdata_bot | https://esimsdata.com/,"Network tower,  map, tech aesthetic",📋 Draft,03.09.2026
62,📰 News,🌍 New countries added to our Global eSIM coverage.,"🌍 New countries added to our Global eSIM coverage.

106 countries on one plan — that's the Global eSIM.
Perfect for frequent travelers and digital nomads.

Get your Global eSIM 👇",https://t.me/Esimsdata_bot | https://esimsdata.com/,"Network tower,  map, tech aesthetic",📋 Draft,04.09.2026
63,📶 Plan spotlight,Featured: Indonesia 🇮🇩 — all plans this week,"This week we spotlight Indonesia 🇮🇩

📶 Plans: 1GB/7d · 3GB/30d · 5GB/30d · 10GB/30d · 20GB/30d
🔗 Network: Indosat / Telkomsel / 3

Available in our Mini App 👇",https://t.me/Esimsdata_bot | https://esimsdata.com/," travel photo, plan badge, operator logo",📋 Draft,07.09.2026
64,📰 News,🔒 Privacy reminder: Our eSIM plans don't require ID or local operator registrati,"🔒 Privacy reminder: Our eSIM plans don't require ID or local operator registration.

For privacy-conscious travelers — no passport scan, no contract.
✅ Works in 150+ countries

Get yours 👇",https://t.me/Esimsdata_bot | https://esimsdata.com/,"Network tower,  map, tech aesthetic",📋 Draft,08.09.2026
65,🎉 Seasonal,Autumn travel,"🍂 Autumn travel season is underway!

Europe, Asia, the Americas — our eSIM covers it all.

✅ Fast data on local networks
✅ No KYC · Instant QR
✅ Plans from 1GB/7 days

Get connected 👇
https://t.me/Esimsdata_bot | https://esimsdata.com/",https://t.me/Esimsdata_bot | https://esimsdata.com/,"September seasonal travel, warm tones",📋 Draft,10.09.2026
66,📱 App feature,Stream. Post. Work. Repeat. Unlimited lets you do it all. 🎬,"Our Unlimited eSIM plans are designed for heavy users:

✅ No data cap worries
✅ Available for local, regional and global coverage
✅ Perfect for content creators, remote workers, long-stay travelers

Check availability in your destination 👇",https://t.me/Esimsdata_bot,"Telegram mini app UI, feature highlight, clean design",📋 Draft,11.09.2026
67,📶 Plan spotlight,Featured: USA 🇺🇸 — all plans this week,"This week we spotlight USA 🇺🇸

📶 Plans: 1GB/7d · 3GB/30d · 5GB/30d · 10GB/30d · 20GB/30d
🔗 Network: AT&T / Verizon

Available in our Mini App 👇",https://t.me/Esimsdata_bot | https://esimsdata.com/," travel photo, plan badge, operator logo",📋 Draft,14.09.2026
68,📰 News,📊 Usage tip: use our Traffic Calculator to find the right plan size.,"📊 Usage tip: use our Traffic Calculator to find the right plan size.

Tell us your travel style (tourist / nomad / blogger) and we'll recommend the perfect plan.

Open Mini App 👇",https://t.me/Esimsdata_bot | https://esimsdata.com/,"Network tower,  map, tech aesthetic",📋 Draft,15.09.2026
69,📰 News,"👥 Refer a friend, both save 6%.","👥 Refer a friend, both save 6%.

Our referral program:
✅ Friend gets 6% off
✅ You earn 6% promo credit
✅ No limits on referrals

Find your link in the Mini App 👇",https://t.me/Esimsdata_bot | https://esimsdata.com/,"Network tower,  map, tech aesthetic",📋 Draft,17.09.2026
70,📰 News,📣 Update: Our Vietnam 🇻🇳 and Thailand 🇹🇭 eSIM plans now include real local phone,"📣 Update: Our Vietnam 🇻🇳 and Thailand 🇹🇭 eSIM plans now include real local phone numbers (+84 & +66).

Calls + data in one eSIM.
✅ Register on Zalo, Line, Grab
✅ Receive OTPs on local services

Get yours 👇",https://t.me/Esimsdata_bot | https://esimsdata.com/,"Network tower,  map, tech aesthetic",📋 Draft,18.09.2026
71,📶 Plan spotlight,Featured: Malaysia 🇲🇾 — all plans this week,"This week we spotlight Malaysia 🇲🇾

📶 Plans: 1GB/7d · 3GB/30d · 5GB/30d · 10GB/30d · 20GB/30d
🔗 Network: Maxis / U Mobile

Available in our Mini App 👇",https://t.me/Esimsdata_bot | https://esimsdata.com/," travel photo, plan badge, operator logo",📋 Draft,21.09.2026
72,📰 News,🌍 New countries added to our Global eSIM coverage.,"🌍 New countries added to our Global eSIM coverage.

106 countries on one plan — that's the Global eSIM.
Perfect for frequent travelers and digital nomads.

Get your Global eSIM 👇",https://t.me/Esimsdata_bot | https://esimsdata.com/,"Network tower,  map, tech aesthetic",📋 Draft,22.09.2026
73,📰 News,💡 Did you know? Our eSIM plans include Top-up support on most plans.,"💡 Did you know? Our eSIM plans include Top-up support on most plans.

Running low mid-trip? Add data in one tap from our Mini App.
No new QR code needed.

Open Mini App 👇",https://t.me/Esimsdata_bot | https://esimsdata.com/,"Network tower,  map, tech aesthetic",📋 Draft,24.09.2026
74,📰 News,🔒 Privacy reminder: Our eSIM plans don't require ID or local operator registrati,"🔒 Privacy reminder: Our eSIM plans don't require ID or local operator registration.

For privacy-conscious travelers — no passport scan, no contract.
✅ Works in 150+ countries

Get yours 👇",https://t.me/Esimsdata_bot | https://esimsdata.com/,"Network tower,  map, tech aesthetic",📋 Draft,25.09.2026
75,📶 Plan spotlight,Featured: Hong Kong 🇭🇰 — all plans this week,"This week we spotlight Hong Kong 🇭🇰

📶 Plans: 1GB/7d · 3GB/30d · 5GB/30d · 10GB/30d · 20GB/30d
🔗 Network: HKT / Hutchison 3HK

Available in our Mini App 👇",https://t.me/Esimsdata_bot | https://esimsdata.com/," travel photo, plan badge, operator logo",📋 Draft,28.09.2026
76,📰 News,📱 Our Mini App is available in English and Russian.,"📱 Our Mini App is available in English and Russian.

Manage your eSIMs, track data balance, top up — all inside Telegram.
No separate app needed.

Open Mini App 👇",https://t.me/Esimsdata_bot | https://esimsdata.com/,"Network tower,  map, tech aesthetic",📋 Draft,29.09.2026
77,📰 News,✅ Regional eSIM update: our Asia Regional plan now covers 18+ countries.,"✅ Regional eSIM update: our Asia Regional plan now covers 18+ countries.

Perfect for Southeast Asia tours — one plan for Thailand, Vietnam, Indonesia, Malaysia and more.

Get your Regional eSIM 👇",https://t.me/Esimsdata_bot | https://esimsdata.com/,"Network tower,  map, tech aesthetic",📋 Draft,01.10.2026
78,📰 News,📊 Usage tip: use our Traffic Calculator to find the right plan size.,"📊 Usage tip: use our Traffic Calculator to find the right plan size.

Tell us your travel style (tourist / nomad / blogger) and we'll recommend the perfect plan.

Open Mini App 👇",https://t.me/Esimsdata_bot | https://esimsdata.com/,"Network tower,  map, tech aesthetic",📋 Draft,02.10.2026
79,📶 Plan spotlight,Featured: Morocco 🇲🇦 — all plans this week,"This week we spotlight Morocco 🇲🇦

📶 Plans: 1GB/7d · 3GB/30d · 5GB/30d · 10GB/30d
🔗 Network: Maroc Telecom / INWI

Available in our Mini App 👇",https://t.me/Esimsdata_bot | https://esimsdata.com/," travel photo, plan badge, operator logo",📋 Draft,05.10.2026
80,📰 News,📣 Update: Our Vietnam 🇻🇳 and Thailand 🇹🇭 eSIM plans now include real local phone,"📣 Update: Our Vietnam 🇻🇳 and Thailand 🇹🇭 eSIM plans now include real local phone numbers (+84 & +66).

Calls + data in one eSIM.
✅ Register on Zalo, Line, Grab
✅ Receive OTPs on local services

Get yours 👇",https://t.me/Esimsdata_bot | https://esimsdata.com/,"Network tower,  map, tech aesthetic",📋 Draft,06.10.2026
81,📰 News,📡 5G coverage is expanding across 20+ countries we serve.,"📡 5G coverage is expanding across 20+ countries we serve.

Faster speeds at airports, hotels and city centers.
Our plans automatically connect to the best available network.

Check your destination 👇",https://t.me/Esimsdata_bot | https://esimsdata.com/,"Network tower,  map, tech aesthetic",📋 Draft,08.10.2026
82,📱 App feature,"Travel together, save together 🌍","Heading abroad with friends?

Share your referral code before they buy:
✅ They get 6% off
✅ You get 6% credit
✅ Everyone stays connected for less

Find your code in the Mini App 👇",https://t.me/Esimsdata_bot,"Telegram mini app UI, feature highlight, clean design",📋 Draft,09.10.2026
83,📶 Plan spotlight,Featured: Philippines 🇵🇭 — all plans this week,"This week we spotlight Philippines 🇵🇭

📶 Plans: 1GB/7d · 3GB/30d · 5GB/30d · 10GB/30d
🔗 Network: Globe Telecom

Available in our Mini App 👇",https://t.me/Esimsdata_bot | https://esimsdata.com/," travel photo, plan badge, operator logo",📋 Draft,12.10.2026
84,📰 News,🔒 Privacy reminder: Our eSIM plans don't require ID or local operator registrati,"🔒 Privacy reminder: Our eSIM plans don't require ID or local operator registration.

For privacy-conscious travelers — no passport scan, no contract.
✅ Works in 150+ countries

Get yours 👇",https://t.me/Esimsdata_bot | https://esimsdata.com/,"Network tower,  map, tech aesthetic",📋 Draft,13.10.2026
85,📰 News,🎁 First time buying an eSIM? Use promo code FIRST5 for 5% off your first plan.,"🎁 First time buying an eSIM? Use promo code FIRST5 for 5% off your first plan.

Works on any plan, any country.
Apply at checkout in our Mini App.

Get your first eSIM 👇",https://t.me/Esimsdata_bot | https://esimsdata.com/,"Network tower,  map, tech aesthetic",📋 Draft,15.10.2026
86,📰 News,📱 Our Mini App is available in English and Russian.,"📱 Our Mini App is available in English and Russian.

Manage your eSIMs, track data balance, top up — all inside Telegram.
No separate app needed.

Open Mini App 👇",https://t.me/Esimsdata_bot | https://esimsdata.com/,"Network tower,  map, tech aesthetic",📋 Draft,16.10.2026
87,📶 Plan spotlight,Featured: Russia 🇷🇺 — all plans this week,"This week we spotlight Russia 🇷🇺

📶 Plans: 1GB/7d · 3GB/30d · 5GB/30d · 10GB/30d · 20GB/30d
🔗 Network: MegaFon

Available in our Mini App 👇",https://t.me/Esimsdata_bot | https://esimsdata.com/," travel photo, plan badge, operator logo",📋 Draft,19.10.2026
88,📰 News,📊 Usage tip: use our Traffic Calculator to find the right plan size.,"📊 Usage tip: use our Traffic Calculator to find the right plan size.

Tell us your travel style (tourist / nomad / blogger) and we'll recommend the perfect plan.

Open Mini App 👇",https://t.me/Esimsdata_bot | https://esimsdata.com/,"Network tower,  map, tech aesthetic",📋 Draft,20.10.2026
89,📰 News,"👥 Refer a friend, both save 6%.","👥 Refer a friend, both save 6%.

Our referral program:
✅ Friend gets 6% off
✅ You earn 6% promo credit
✅ No limits on referrals

Find your link in the Mini App 👇",https://t.me/Esimsdata_bot | https://esimsdata.com/,"Network tower,  map, tech aesthetic",📋 Draft,22.10.2026
90,📰 News,📣 Update: Our Vietnam 🇻🇳 and Thailand 🇹🇭 eSIM plans now include real local phone,"📣 Update: Our Vietnam 🇻🇳 and Thailand 🇹🇭 eSIM plans now include real local phone numbers (+84 & +66).

Calls + data in one eSIM.
✅ Register on Zalo, Line, Grab
✅ Receive OTPs on local services

Get yours 👇",https://t.me/Esimsdata_bot | https://esimsdata.com/,"Network tower,  map, tech aesthetic",📋 Draft,23.10.2026
91,📶 Plan spotlight,Featured: Cambodia 🇰🇭 — all plans this week,"This week we spotlight Cambodia 🇰🇭

📶 Plans: 1GB/7d · 3GB/30d · 5GB/30d
🔗 Network: Metfone

Available in our Mini App 👇",https://t.me/Esimsdata_bot | https://esimsdata.com/," travel photo, plan badge, operator logo",📋 Draft,26.10.2026
92,📰 News,🌍 New countries added to our Global eSIM coverage.,"🌍 New countries added to our Global eSIM coverage.

106 countries on one plan — that's the Global eSIM.
Perfect for frequent travelers and digital nomads.

Get your Global eSIM 👇",https://t.me/Esimsdata_bot | https://esimsdata.com/,"Network tower,  map, tech aesthetic",📋 Draft,27.10.2026
93,📰 News,💡 Did you know? Our eSIM plans include Top-up support on most plans.,"💡 Did you know? Our eSIM plans include Top-up support on most plans.

Running low mid-trip? Add data in one tap from our Mini App.
No new QR code needed.

Open Mini App 👇",https://t.me/Esimsdata_bot | https://esimsdata.com/,"Network tower,  map, tech aesthetic",📋 Draft,29.10.2026
94,📰 News,🔒 Privacy reminder: Our eSIM plans don't require ID or local operator registrati,"🔒 Privacy reminder: Our eSIM plans don't require ID or local operator registration.

For privacy-conscious travelers — no passport scan, no contract.
✅ Works in 150+ countries

Get yours 👇",https://t.me/Esimsdata_bot | https://esimsdata.com/,"Network tower,  map, tech aesthetic",📋 Draft,30.10.2026
95,📶 Plan spotlight,Featured: Kenya 🇰🇪 — all plans this week,"This week we spotlight Kenya 🇰🇪

📶 Plans: 1GB/7d · 3GB/30d · 5GB/30d · 10GB/30d · 20GB/30d
🔗 Network: Airtel Kenya

Available in our Mini App 👇",https://t.me/Esimsdata_bot | https://esimsdata.com/," travel photo, plan badge, operator logo",📋 Draft,02.11.2026
96,📰 News,📱 Our Mini App is available in English and Russian.,"📱 Our Mini App is available in English and Russian.

Manage your eSIMs, track data balance, top up — all inside Telegram.
No separate app needed.

Open Mini App 👇",https://t.me/Esimsdata_bot | https://esimsdata.com/,"Network tower,  map, tech aesthetic",📋 Draft,03.11.2026
97,🎉 Seasonal,Black Friday,"🛍️ November deal alert!

Our best eSIM plans are always available — no waiting for Black Friday.

✅ Plans from 1GB/7 days
✅ Use promo code FIRST5 for 5% off your first order
✅ Activate instantly

Get yours 👇
https://t.me/Esimsdata_bot | https://esimsdata.com/",https://t.me/Esimsdata_bot | https://esimsdata.com/,"November seasonal travel, warm tones",📋 Draft,05.11.2026
98,📱 App feature,Welcome discount — FIRST5 saves you 5% on day one 🚀,"Just found us? Perfect timing.

Code FIRST5 gives you 5% off your first purchase.

✅ Apply at checkout in our Mini App
✅ No minimum order value
✅ Works on any plan in any country

Buy your first eSIM 👇",https://t.me/Esimsdata_bot,"Telegram mini app UI, feature highlight, clean design",📋 Draft,06.11.2026
99,📶 Plan spotlight,Featured: South Africa 🇿🇦 — all plans this week,"This week we spotlight South Africa 🇿🇦

📶 Plans: 1GB/7d · 3GB/30d · 5GB/30d · 10GB/30d · 20GB/30d
🔗 Network: Vodacom

Available in our Mini App 👇",https://t.me/Esimsdata_bot | https://esimsdata.com/," travel photo, plan badge, operator logo",📋 Draft,09.11.2026
100,📰 News,📣 Update: Our Vietnam 🇻🇳 and Thailand 🇹🇭 eSIM plans now include real local phone,"📣 Update: Our Vietnam 🇻🇳 and Thailand 🇹🇭 eSIM plans now include real local phone numbers (+84 & +66).

Calls + data in one eSIM.
✅ Register on Zalo, Line, Grab
✅ Receive OTPs on local services

Get yours 👇",https://t.me/Esimsdata_bot | https://esimsdata.com/,"Network tower,  map, tech aesthetic",📋 Draft,10.11.2026
101,📰 News,📡 5G coverage is expanding across 20+ countries we serve.,"📡 5G coverage is expanding across 20+ countries we serve.

Faster speeds at airports, hotels and city centers.
Our plans automatically connect to the best available network.

Check your destination 👇",https://t.me/Esimsdata_bot | https://esimsdata.com/,"Network tower,  map, tech aesthetic",📋 Draft,12.11.2026
102,📰 News,🌍 New countries added to our Global eSIM coverage.,"🌍 New countries added to our Global eSIM coverage.

106 countries on one plan — that's the Global eSIM.
Perfect for frequent travelers and digital nomads.

Get your Global eSIM 👇",https://t.me/Esimsdata_bot | https://esimsdata.com/,"Network tower,  map, tech aesthetic",📋 Draft,13.11.2026
103,📶 Plan spotlight,Featured: France 🇫🇷 — all plans this week,"This week we spotlight France 🇫🇷

📶 Plans: 1GB/7d · 3GB/30d · 5GB/30d · 10GB/30d · 20GB/30d
🔗 Network: Orange France

Available in our Mini App 👇",https://t.me/Esimsdata_bot | https://esimsdata.com/," travel photo, plan badge, operator logo",📋 Draft,16.11.2026
104,📰 News,🔒 Privacy reminder: Our eSIM plans don't require ID or local operator registrati,"🔒 Privacy reminder: Our eSIM plans don't require ID or local operator registration.

For privacy-conscious travelers — no passport scan, no contract.
✅ Works in 150+ countries

Get yours 👇",https://t.me/Esimsdata_bot | https://esimsdata.com/,"Network tower,  map, tech aesthetic",📋 Draft,17.11.2026
105,📰 News,🎁 First time buying an eSIM? Use promo code FIRST5 for 5% off your first plan.,"🎁 First time buying an eSIM? Use promo code FIRST5 for 5% off your first plan.

Works on any plan, any country.
Apply at checkout in our Mini App.

Get your first eSIM 👇",https://t.me/Esimsdata_bot | https://esimsdata.com/,"Network tower,  map, tech aesthetic",📋 Draft,19.11.2026
106,📰 News,📱 Our Mini App is available in English and Russian.,"📱 Our Mini App is available in English and Russian.

Manage your eSIMs, track data balance, top up — all inside Telegram.
No separate app needed.

Open Mini App 👇",https://t.me/Esimsdata_bot | https://esimsdata.com/,"Network tower,  map, tech aesthetic",📋 Draft,20.11.2026
107,📶 Plan spotlight,Featured: Thailand 🇹🇭 — all plans this week,"This week we spotlight Thailand 🇹🇭

📶 Plans: 1GB/7d · 3GB/30d · 5GB/30d · 10GB/30d · 20GB/30d
🔗 Network: AIS

Available in our Mini App 👇",https://t.me/Esimsdata_bot | https://esimsdata.com/," travel photo, plan badge, operator logo",📋 Draft,23.11.2026
108,📰 News,📊 Usage tip: use our Traffic Calculator to find the right plan size.,"📊 Usage tip: use our Traffic Calculator to find the right plan size.

Tell us your travel style (tourist / nomad / blogger) and we'll recommend the perfect plan.

Open Mini App 👇",https://t.me/Esimsdata_bot | https://esimsdata.com/,"Network tower,  map, tech aesthetic",📋 Draft,24.11.2026
109,📰 News,"👥 Refer a friend, both save 6%.","👥 Refer a friend, both save 6%.

Our referral program:
✅ Friend gets 6% off
✅ You earn 6% promo credit
✅ No limits on referrals

Find your link in the Mini App 👇",https://t.me/Esimsdata_bot | https://esimsdata.com/,"Network tower,  map, tech aesthetic",📋 Draft,26.11.2026
110,📰 News,📣 Update: Our Vietnam 🇻🇳 and Thailand 🇹🇭 eSIM plans now include real local phone,"📣 Update: Our Vietnam 🇻🇳 and Thailand 🇹🇭 eSIM plans now include real local phone numbers (+84 & +66).

Calls + data in one eSIM.
✅ Register on Zalo, Line, Grab
✅ Receive OTPs on local services

Get yours 👇",https://t.me/Esimsdata_bot | https://esimsdata.com/,"Network tower,  map, tech aesthetic",📋 Draft,27.11.2026
111,📶 Plan spotlight,Featured: Vietnam 🇻🇳 — all plans this week,"This week we spotlight Vietnam 🇻🇳

📶 Plans: 1GB/7d · 3GB/30d · 5GB/30d · 10GB/30d · 20GB/30d
🔗 Network: MobiFone

Available in our Mini App 👇",https://t.me/Esimsdata_bot | https://esimsdata.com/," travel photo, plan badge, operator logo",📋 Draft,30.11.2026
112,📰 News,🌍 New countries added to our Global eSIM coverage.,"🌍 New countries added to our Global eSIM coverage.

106 countries on one plan — that's the Global eSIM.
Perfect for frequent travelers and digital nomads.

Get your Global eSIM 👇",https://t.me/Esimsdata_bot | https://esimsdata.com/,"Network tower,  map, tech aesthetic",📋 Draft,01.12.2026
113,📰 News,💡 Did you know? Our eSIM plans include Top-up support on most plans.,"💡 Did you know? Our eSIM plans include Top-up support on most plans.

Running low mid-trip? Add data in one tap from our Mini App.
No new QR code needed.

Open Mini App 👇",https://t.me/Esimsdata_bot | https://esimsdata.com/,"Network tower,  map, tech aesthetic",📋 Draft,03.12.2026
114,📱 App feature,Travelers in Telegram already. Now buy eSIM there too. ✈️,"You're already on Telegram. Why leave it to buy an eSIM?

Our Mini App:
✅ Full eSIM store inside Telegram
✅ QR code delivered in chat
✅ Manage all your plans
✅ Works on iPhone & Android

Open Mini App 👇",https://t.me/Esimsdata_bot,"Telegram mini app UI, feature highlight, clean design",📋 Draft,04.12.2026
115,📶 Plan spotlight,Featured: Indonesia 🇮🇩 — all plans this week,"This week we spotlight Indonesia 🇮🇩

📶 Plans: 1GB/7d · 3GB/30d · 5GB/30d · 10GB/30d · 20GB/30d
🔗 Network: Indosat / Telkomsel / 3

Available in our Mini App 👇",https://t.me/Esimsdata_bot | https://esimsdata.com/," travel photo, plan badge, operator logo",📋 Draft,07.12.2026
116,📰 News,📱 Our Mini App is available in English and Russian.,"📱 Our Mini App is available in English and Russian.

Manage your eSIMs, track data balance, top up — all inside Telegram.
No separate app needed.

Open Mini App 👇",https://t.me/Esimsdata_bot | https://esimsdata.com/,"Network tower,  map, tech aesthetic",📋 Draft,08.12.2026
117,📰 News,✅ Regional eSIM update: our Asia Regional plan now covers 18+ countries.,"✅ Regional eSIM update: our Asia Regional plan now covers 18+ countries.

Perfect for Southeast Asia tours — one plan for Thailand, Vietnam, Indonesia, Malaysia and more.

Get your Regional eSIM 👇",https://t.me/Esimsdata_bot | https://esimsdata.com/,"Network tower,  map, tech aesthetic",📋 Draft,10.12.2026
118,📰 News,📊 Usage tip: use our Traffic Calculator to find the right plan size.,"📊 Usage tip: use our Traffic Calculator to find the right plan size.

Tell us your travel style (tourist / nomad / blogger) and we'll recommend the perfect plan.

Open Mini App 👇",https://t.me/Esimsdata_bot | https://esimsdata.com/,"Network tower,  map, tech aesthetic",📋 Draft,11.12.2026
119,📶 Plan spotlight,Featured: USA 🇺🇸 — all plans this week,"This week we spotlight USA 🇺🇸

📶 Plans: 1GB/7d · 3GB/30d · 5GB/30d · 10GB/30d · 20GB/30d
🔗 Network: AT&T / Verizon

Available in our Mini App 👇",https://t.me/Esimsdata_bot | https://esimsdata.com/," travel photo, plan badge, operator logo",📋 Draft,14.12.2026
120,📰 News,📣 Update: Our Vietnam 🇻🇳 and Thailand 🇹🇭 eSIM plans now include real local phone,"📣 Update: Our Vietnam 🇻🇳 and Thailand 🇹🇭 eSIM plans now include real local phone numbers (+84 & +66).

Calls + data in one eSIM.
✅ Register on Zalo, Line, Grab
✅ Receive OTPs on local services

Get yours 👇",https://t.me/Esimsdata_bot | https://esimsdata.com/,"Network tower,  map, tech aesthetic",📋 Draft,15.12.2026
121,📰 News,📡 5G coverage is expanding across 20+ countries we serve.,"📡 5G coverage is expanding across 20+ countries we serve.

Faster speeds at airports, hotels and city centers.
Our plans automatically connect to the best available network.

Check your destination 👇",https://t.me/Esimsdata_bot | https://esimsdata.com/,"Network tower,  map, tech aesthetic",📋 Draft,17.12.2026
122,📰 News,🌍 New countries added to our Global eSIM coverage.,"🌍 New countries added to our Global eSIM coverage.

106 countries on one plan — that's the Global eSIM.
Perfect for frequent travelers and digital nomads.

Get your Global eSIM 👇",https://t.me/Esimsdata_bot | https://esimsdata.com/,"Network tower,  map, tech aesthetic",📋 Draft,18.12.2026
123,📶 Plan spotlight,Featured: Malaysia 🇲🇾 — all plans this week,"This week we spotlight Malaysia 🇲🇾

📶 Plans: 1GB/7d · 3GB/30d · 5GB/30d · 10GB/30d · 20GB/30d
🔗 Network: Maxis / U Mobile

Available in our Mini App 👇",https://t.me/Esimsdata_bot | https://esimsdata.com/," travel photo, plan badge, operator logo",📋 Draft,21.12.2026
124,📰 News,🔒 Privacy reminder: Our eSIM plans don't require ID or local operator registrati,"🔒 Privacy reminder: Our eSIM plans don't require ID or local operator registration.

For privacy-conscious travelers — no passport scan, no contract.
✅ Works in 150+ countries

Get yours 👇",https://t.me/Esimsdata_bot | https://esimsdata.com/,"Network tower,  map, tech aesthetic",📋 Draft,22.12.2026
125,📰 News,🎁 First time buying an eSIM? Use promo code FIRST5 for 5% off your first plan.,"🎁 First time buying an eSIM? Use promo code FIRST5 for 5% off your first plan.

Works on any plan, any country.
Apply at checkout in our Mini App.

Get your first eSIM 👇",https://t.me/Esimsdata_bot | https://esimsdata.com/,"Network tower,  map, tech aesthetic",📋 Draft,24.12.2026
126,📰 News,📱 Our Mini App is available in English and Russian.,"📱 Our Mini App is available in English and Russian.

Manage your eSIMs, track data balance, top up — all inside Telegram.
No separate app needed.

Open Mini App 👇",https://t.me/Esimsdata_bot | https://esimsdata.com/,"Network tower,  map, tech aesthetic",📋 Draft,25.12.2026
127,📶 Plan spotlight,Featured: Hong Kong 🇭🇰 — all plans this week,"This week we spotlight Hong Kong 🇭🇰

📶 Plans: 1GB/7d · 3GB/30d · 5GB/30d · 10GB/30d · 20GB/30d
🔗 Network: HKT / Hutchison 3HK

Available in our Mini App 👇",https://t.me/Esimsdata_bot | https://esimsdata.com/," travel photo, plan badge, operator logo",📋 Draft,28.12.2026
128,📰 News,📊 Usage tip: use our Traffic Calculator to find the right plan size.,"📊 Usage tip: use our Traffic Calculator to find the right plan size.

Tell us your travel style (tourist / nomad / blogger) and we'll recommend the perfect plan.

Open Mini App 👇",https://t.me/Esimsdata_bot | https://esimsdata.com/,"Network tower,  map, tech aesthetic",📋 Draft,29.12.2026
129,🎉 Seasonal,New Year travel,"🎉 New Year's plans?

Whether you're celebrating abroad or planning a January escape — get your eSIM ready.

✅ 150+ countries
✅ Instant activation
✅ Start 2027 connected

Get your plan 👇
https://t.me/Esimsdata_bot | https://esimsdata.com/",https://t.me/Esimsdata_bot | https://esimsdata.com/,"December seasonal travel, warm tones",📋 Draft,31.12.2026
130,📱 App feature,Привет! Our app works in Russian too 🇷🇺,"For our Russian-speaking community:

The eSIMs Data Mini App is fully available in Russian.
✅ Browse plans in Russian
✅ Get support in Russian
✅ Switch language anytime

Open Mini App 👇",https://t.me/Esimsdata_bot,"Telegram mini app UI, feature highlight, clean design",📋 Draft,01.01.2027
131,📶 Plan spotlight,Featured: Morocco 🇲🇦 — all plans this week,"This week we spotlight Morocco 🇲🇦

📶 Plans: 1GB/7d · 3GB/30d · 5GB/30d · 10GB/30d
🔗 Network: Maroc Telecom / INWI

Available in our Mini App 👇",https://t.me/Esimsdata_bot | https://esimsdata.com/," travel photo, plan badge, operator logo",📋 Draft,04.01.2027
132,📰 News,🌍 New countries added to our Global eSIM coverage.,"🌍 New countries added to our Global eSIM coverage.

106 countries on one plan — that's the Global eSIM.
Perfect for frequent travelers and digital nomads.

Get your Global eSIM 👇",https://t.me/Esimsdata_bot | https://esimsdata.com/,"Network tower,  map, tech aesthetic",📋 Draft,05.01.2027
133,📰 News,💡 Did you know? Our eSIM plans include Top-up support on most plans.,"💡 Did you know? Our eSIM plans include Top-up support on most plans.

Running low mid-trip? Add data in one tap from our Mini App.
No new QR code needed.

Open Mini App 👇",https://t.me/Esimsdata_bot | https://esimsdata.com/,"Network tower,  map, tech aesthetic",📋 Draft,07.01.2027
134,📰 News,🔒 Privacy reminder: Our eSIM plans don't require ID or local operator registrati,"🔒 Privacy reminder: Our eSIM plans don't require ID or local operator registration.

For privacy-conscious travelers — no passport scan, no contract.
✅ Works in 150+ countries

Get yours 👇",https://t.me/Esimsdata_bot | https://esimsdata.com/,"Network tower,  map, tech aesthetic",📋 Draft,08.01.2027
135,📶 Plan spotlight,Featured: Philippines 🇵🇭 — all plans this week,"This week we spotlight Philippines 🇵🇭

📶 Plans: 1GB/7d · 3GB/30d · 5GB/30d · 10GB/30d
🔗 Network: Globe Telecom

Available in our Mini App 👇",https://t.me/Esimsdata_bot | https://esimsdata.com/," travel photo, plan badge, operator logo",📋 Draft,11.01.2027
136,📰 News,📱 Our Mini App is available in English and Russian.,"📱 Our Mini App is available in English and Russian.

Manage your eSIMs, track data balance, top up — all inside Telegram.
No separate app needed.

Open Mini App 👇",https://t.me/Esimsdata_bot | https://esimsdata.com/,"Network tower,  map, tech aesthetic",📋 Draft,12.01.2027
137,📰 News,✅ Regional eSIM update: our Asia Regional plan now covers 18+ countries.,"✅ Regional eSIM update: our Asia Regional plan now covers 18+ countries.

Perfect for Southeast Asia tours — one plan for Thailand, Vietnam, Indonesia, Malaysia and more.

Get your Regional eSIM 👇",https://t.me/Esimsdata_bot | https://esimsdata.com/,"Network tower,  map, tech aesthetic",📋 Draft,14.01.2027
138,📰 News,📊 Usage tip: use our Traffic Calculator to find the right plan size.,"📊 Usage tip: use our Traffic Calculator to find the right plan size.

Tell us your travel style (tourist / nomad / blogger) and we'll recommend the perfect plan.

Open Mini App 👇",https://t.me/Esimsdata_bot | https://esimsdata.com/,"Network tower,  map, tech aesthetic",📋 Draft,15.01.2027
139,📶 Plan spotlight,Featured: Russia 🇷🇺 — all plans this week,"This week we spotlight Russia 🇷🇺

📶 Plans: 1GB/7d · 3GB/30d · 5GB/30d · 10GB/30d · 20GB/30d
🔗 Network: MegaFon

Available in our Mini App 👇",https://t.me/Esimsdata_bot | https://esimsdata.com/," travel photo, plan badge, operator logo",📋 Draft,18.01.2027
140,📰 News,📣 Update: Our Vietnam 🇻🇳 and Thailand 🇹🇭 eSIM plans now include real local phone,"📣 Update: Our Vietnam 🇻🇳 and Thailand 🇹🇭 eSIM plans now include real local phone numbers (+84 & +66).

Calls + data in one eSIM.
✅ Register on Zalo, Line, Grab
✅ Receive OTPs on local services

Get yours 👇",https://t.me/Esimsdata_bot | https://esimsdata.com/,"Network tower,  map, tech aesthetic",📋 Draft,19.01.2027
141,📰 News,📡 5G coverage is expanding across 20+ countries we serve.,"📡 5G coverage is expanding across 20+ countries we serve.

Faster speeds at airports, hotels and city centers.
Our plans automatically connect to the best available network.

Check your destination 👇",https://t.me/Esimsdata_bot | https://esimsdata.com/,"Network tower,  map, tech aesthetic",📋 Draft,21.01.2027
142,📰 News,🌍 New countries added to our Global eSIM coverage.,"🌍 New countries added to our Global eSIM coverage.

106 countries on one plan — that's the Global eSIM.
Perfect for frequent travelers and digital nomads.

Get your Global eSIM 👇",https://t.me/Esimsdata_bot | https://esimsdata.com/,"Network tower,  map, tech aesthetic",📋 Draft,22.01.2027
143,📶 Plan spotlight,Featured: Cambodia 🇰🇭 — all plans this week,"This week we spotlight Cambodia 🇰🇭

📶 Plans: 1GB/7d · 3GB/30d · 5GB/30d
🔗 Network: Metfone

Available in our Mini App 👇",https://t.me/Esimsdata_bot | https://esimsdata.com/," travel photo, plan badge, operator logo",📋 Draft,25.01.2027
144,📰 News,🔒 Privacy reminder: Our eSIM plans don't require ID or local operator registrati,"🔒 Privacy reminder: Our eSIM plans don't require ID or local operator registration.

For privacy-conscious travelers — no passport scan, no contract.
✅ Works in 150+ countries

Get yours 👇",https://t.me/Esimsdata_bot | https://esimsdata.com/,"Network tower,  map, tech aesthetic",📋 Draft,26.01.2027
145,📰 News,🎁 First time buying an eSIM? Use promo code FIRST5 for 5% off your first plan.,"🎁 First time buying an eSIM? Use promo code FIRST5 for 5% off your first plan.

Works on any plan, any country.
Apply at checkout in our Mini App.

Get your first eSIM 👇",https://t.me/Esimsdata_bot | https://esimsdata.com/,"Network tower,  map, tech aesthetic",📋 Draft,28.01.2027
146,📱 App feature,Which phones support eSIM? Check our Help section 📱,"Not sure if your device is compatible?

Our Help section lists:
✅ iPhone XS and newer
✅ Samsung Galaxy S20 and newer
✅ Google Pixel 3 and newer
✅ 200+ other supported models

All setup guides included. Open Mini App 👇",https://t.me/Esimsdata_bot,"Telegram mini app UI, feature highlight, clean design",📋 Draft,29.01.2027
147,📶 Plan spotlight,Featured: Kenya 🇰🇪 — all plans this week,"This week we spotlight Kenya 🇰🇪

📶 Plans: 1GB/7d · 3GB/30d · 5GB/30d · 10GB/30d · 20GB/30d
🔗 Network: Airtel Kenya

Available in our Mini App 👇",https://t.me/Esimsdata_bot | https://esimsdata.com/," travel photo, plan badge, operator logo",📋 Draft,01.02.2027
148,📰 News,📊 Usage tip: use our Traffic Calculator to find the right plan size.,"📊 Usage tip: use our Traffic Calculator to find the right plan size.

Tell us your travel style (tourist / nomad / blogger) and we'll recommend the perfect plan.

Open Mini App 👇",https://t.me/Esimsdata_bot | https://esimsdata.com/,"Network tower,  map, tech aesthetic",📋 Draft,02.02.2027
149,📰 News,"👥 Refer a friend, both save 6%.","👥 Refer a friend, both save 6%.

Our referral program:
✅ Friend gets 6% off
✅ You earn 6% promo credit
✅ No limits on referrals

Find your link in the Mini App 👇",https://t.me/Esimsdata_bot | https://esimsdata.com/,"Network tower,  map, tech aesthetic",📋 Draft,04.02.2027
150,📰 News,📣 Update: Our Vietnam 🇻🇳 and Thailand 🇹🇭 eSIM plans now include real local phone,"📣 Update: Our Vietnam 🇻🇳 and Thailand 🇹🇭 eSIM plans now include real local phone numbers (+84 & +66).

Calls + data in one eSIM.
✅ Register on Zalo, Line, Grab
✅ Receive OTPs on local services

Get yours 👇",https://t.me/Esimsdata_bot | https://esimsdata.com/,"Network tower,  map, tech aesthetic",📋 Draft,05.02.2027
151,📶 Plan spotlight,Featured: South Africa 🇿🇦 — all plans this week,"This week we spotlight South Africa 🇿🇦

📶 Plans: 1GB/7d · 3GB/30d · 5GB/30d · 10GB/30d · 20GB/30d
🔗 Network: Vodacom

Available in our Mini App 👇",https://t.me/Esimsdata_bot | https://esimsdata.com/," travel photo, plan badge, operator logo",📋 Draft,08.02.2027
152,📰 News,🌍 New countries added to our Global eSIM coverage.,"🌍 New countries added to our Global eSIM coverage.

106 countries on one plan — that's the Global eSIM.
Perfect for frequent travelers and digital nomads.

Get your Global eSIM 👇",https://t.me/Esimsdata_bot | https://esimsdata.com/,"Network tower,  map, tech aesthetic",📋 Draft,09.02.2027
153,📰 News,💡 Did you know? Our eSIM plans include Top-up support on most plans.,"💡 Did you know? Our eSIM plans include Top-up support on most plans.

Running low mid-trip? Add data in one tap from our Mini App.
No new QR code needed.

Open Mini App 👇",https://t.me/Esimsdata_bot | https://esimsdata.com/,"Network tower,  map, tech aesthetic",📋 Draft,11.02.2027
154,📰 News,🔒 Privacy reminder: Our eSIM plans don't require ID or local operator registrati,"🔒 Privacy reminder: Our eSIM plans don't require ID or local operator registration.

For privacy-conscious travelers — no passport scan, no contract.
✅ Works in 150+ countries

Get yours 👇",https://t.me/Esimsdata_bot | https://esimsdata.com/,"Network tower,  map, tech aesthetic",📋 Draft,12.02.2027
155,📶 Plan spotlight,Featured: France 🇫🇷 — all plans this week,"This week we spotlight France 🇫🇷

📶 Plans: 1GB/7d · 3GB/30d · 5GB/30d · 10GB/30d · 20GB/30d
🔗 Network: Orange France

Available in our Mini App 👇",https://t.me/Esimsdata_bot | https://esimsdata.com/," travel photo, plan badge, operator logo",📋 Draft,15.02.2027
156,📰 News,📱 Our Mini App is available in English and Russian.,"📱 Our Mini App is available in English and Russian.

Manage your eSIMs, track data balance, top up — all inside Telegram.
No separate app needed.

Open Mini App 👇",https://t.me/Esimsdata_bot | https://esimsdata.com/,"Network tower,  map, tech aesthetic",📋 Draft,16.02.2027
157,📰 News,✅ Regional eSIM update: our Asia Regional plan now covers 18+ countries.,"✅ Regional eSIM update: our Asia Regional plan now covers 18+ countries.

Perfect for Southeast Asia tours — one plan for Thailand, Vietnam, Indonesia, Malaysia and more.

Get your Regional eSIM 👇",https://t.me/Esimsdata_bot | https://esimsdata.com/,"Network tower,  map, tech aesthetic",📋 Draft,18.02.2027
158,📰 News,📊 Usage tip: use our Traffic Calculator to find the right plan size.,"📊 Usage tip: use our Traffic Calculator to find the right plan size.

Tell us your travel style (tourist / nomad / blogger) and we'll recommend the perfect plan.

Open Mini App 👇",https://t.me/Esimsdata_bot | https://esimsdata.com/,"Network tower,  map, tech aesthetic",📋 Draft,19.02.2027
159,📶 Plan spotlight,Featured: Thailand 🇹🇭 — all plans this week,"This week we spotlight Thailand 🇹🇭

📶 Plans: 1GB/7d · 3GB/30d · 5GB/30d · 10GB/30d · 20GB/30d
🔗 Network: AIS

Available in our Mini App 👇",https://t.me/Esimsdata_bot | https://esimsdata.com/," travel photo, plan badge, operator logo",📋 Draft,22.02.2027
160,📰 News,📣 Update: Our Vietnam 🇻🇳 and Thailand 🇹🇭 eSIM plans now include real local phone,"📣 Update: Our Vietnam 🇻🇳 and Thailand 🇹🇭 eSIM plans now include real local phone numbers (+84 & +66).

Calls + data in one eSIM.
✅ Register on Zalo, Line, Grab
✅ Receive OTPs on local services

Get yours 👇",https://t.me/Esimsdata_bot | https://esimsdata.com/,"Network tower,  map, tech aesthetic",📋 Draft,23.02.2027
161,🎉 Seasonal,Spring planning,"🌸 Spring trips are on the horizon!

Get your eSIM sorted now — instant activation, no airport stress.

✅ 150+ countries covered
✅ 4G/5G speeds
✅ No KYC · No contract

Book early, stay connected 👇
https://t.me/Esimsdata_bot | https://esimsdata.com/",https://t.me/Esimsdata_bot | https://esimsdata.com/,"February seasonal travel, warm tones",📋 Draft,25.02.2027
162,📱 App feature,Know your data balance before it hits zero 📡,"One of the most useful features in our Mini App:

'My eSIMs' shows your live data balance — so you can top up before running out, not after.

✅ Real-time balance tracking
✅ Instant top-up option
✅ All your eSIMs in one view

Open Mini App 👇",https://t.me/Esimsdata_bot,"Telegram mini app UI, feature highlight, clean design",📋 Draft,26.02.2027
163,📶 Plan spotlight,Featured: Vietnam 🇻🇳 — all plans this week,"This week we spotlight Vietnam 🇻🇳

📶 Plans: 1GB/7d · 3GB/30d · 5GB/30d · 10GB/30d · 20GB/30d
🔗 Network: MobiFone

Available in our Mini App 👇",https://t.me/Esimsdata_bot | https://esimsdata.com/," travel photo, plan badge, operator logo",📋 Draft,01.03.2027
164,📰 News,🔒 Privacy reminder: Our eSIM plans don't require ID or local operator registrati,"🔒 Privacy reminder: Our eSIM plans don't require ID or local operator registration.

For privacy-conscious travelers — no passport scan, no contract.
✅ Works in 150+ countries

Get yours 👇",https://t.me/Esimsdata_bot | https://esimsdata.com/,"Network tower,  map, tech aesthetic",📋 Draft,02.03.2027
165,📰 News,🎁 First time buying an eSIM? Use promo code FIRST5 for 5% off your first plan.,"🎁 First time buying an eSIM? Use promo code FIRST5 for 5% off your first plan.

Works on any plan, any country.
Apply at checkout in our Mini App.

Get your first eSIM 👇",https://t.me/Esimsdata_bot | https://esimsdata.com/,"Network tower,  map, tech aesthetic",📋 Draft,04.03.2027
166,📰 News,📱 Our Mini App is available in English and Russian.,"📱 Our Mini App is available in English and Russian.

Manage your eSIMs, track data balance, top up — all inside Telegram.
No separate app needed.

Open Mini App 👇",https://t.me/Esimsdata_bot | https://esimsdata.com/,"Network tower,  map, tech aesthetic",📋 Draft,05.03.2027
167,📶 Plan spotlight,Featured: Indonesia 🇮🇩 — all plans this week,"This week we spotlight Indonesia 🇮🇩

📶 Plans: 1GB/7d · 3GB/30d · 5GB/30d · 10GB/30d · 20GB/30d
🔗 Network: Indosat / Telkomsel / 3

Available in our Mini App 👇",https://t.me/Esimsdata_bot | https://esimsdata.com/," travel photo, plan badge, operator logo",📋 Draft,08.03.2027
168,📰 News,📊 Usage tip: use our Traffic Calculator to find the right plan size.,"📊 Usage tip: use our Traffic Calculator to find the right plan size.

Tell us your travel style (tourist / nomad / blogger) and we'll recommend the perfect plan.

Open Mini App 👇",https://t.me/Esimsdata_bot | https://esimsdata.com/,"Network tower,  map, tech aesthetic",📋 Draft,09.03.2027
169,📰 News,"👥 Refer a friend, both save 6%.","👥 Refer a friend, both save 6%.

Our referral program:
✅ Friend gets 6% off
✅ You earn 6% promo credit
✅ No limits on referrals

Find your link in the Mini App 👇",https://t.me/Esimsdata_bot | https://esimsdata.com/,"Network tower,  map, tech aesthetic",📋 Draft,11.03.2027
170,📰 News,📣 Update: Our Vietnam 🇻🇳 and Thailand 🇹🇭 eSIM plans now include real local phone,"📣 Update: Our Vietnam 🇻🇳 and Thailand 🇹🇭 eSIM plans now include real local phone numbers (+84 & +66).

Calls + data in one eSIM.
✅ Register on Zalo, Line, Grab
✅ Receive OTPs on local services

Get yours 👇",https://t.me/Esimsdata_bot | https://esimsdata.com/,"Network tower,  map, tech aesthetic",📋 Draft,12.03.2027
171,📶 Plan spotlight,Featured: USA 🇺🇸 — all plans this week,"This week we spotlight USA 🇺🇸

📶 Plans: 1GB/7d · 3GB/30d · 5GB/30d · 10GB/30d · 20GB/30d
🔗 Network: AT&T / Verizon

Available in our Mini App 👇",https://t.me/Esimsdata_bot | https://esimsdata.com/," travel photo, plan badge, operator logo",📋 Draft,15.03.2027
172,📰 News,🌍 New countries added to our Global eSIM coverage.,"🌍 New countries added to our Global eSIM coverage.

106 countries on one plan — that's the Global eSIM.
Perfect for frequent travelers and digital nomads.

Get your Global eSIM 👇",https://t.me/Esimsdata_bot | https://esimsdata.com/,"Network tower,  map, tech aesthetic",📋 Draft,16.03.2027
173,📰 News,💡 Did you know? Our eSIM plans include Top-up support on most plans.,"💡 Did you know? Our eSIM plans include Top-up support on most plans.

Running low mid-trip? Add data in one tap from our Mini App.
No new QR code needed.

Open Mini App 👇",https://t.me/Esimsdata_bot | https://esimsdata.com/,"Network tower,  map, tech aesthetic",📋 Draft,18.03.2027
174,📰 News,🔒 Privacy reminder: Our eSIM plans don't require ID or local operator registrati,"🔒 Privacy reminder: Our eSIM plans don't require ID or local operator registration.

For privacy-conscious travelers — no passport scan, no contract.
✅ Works in 150+ countries

Get yours 👇",https://t.me/Esimsdata_bot | https://esimsdata.com/,"Network tower,  map, tech aesthetic",📋 Draft,19.03.2027
175,📶 Plan spotlight,Featured: Malaysia 🇲🇾 — all plans this week,"This week we spotlight Malaysia 🇲🇾

📶 Plans: 1GB/7d · 3GB/30d · 5GB/30d · 10GB/30d · 20GB/30d
🔗 Network: Maxis / U Mobile

Available in our Mini App 👇",https://t.me/Esimsdata_bot | https://esimsdata.com/," travel photo, plan badge, operator logo",📋 Draft,22.03.2027
176,📰 News,📱 Our Mini App is available in English and Russian.,"📱 Our Mini App is available in English and Russian.

Manage your eSIMs, track data balance, top up — all inside Telegram.
No separate app needed.

Open Mini App 👇",https://t.me/Esimsdata_bot | https://esimsdata.com/,"Network tower,  map, tech aesthetic",📋 Draft,23.03.2027
177,📰 News,✅ Regional eSIM update: our Asia Regional plan now covers 18+ countries.,"✅ Regional eSIM update: our Asia Regional plan now covers 18+ countries.

Perfect for Southeast Asia tours — one plan for Thailand, Vietnam, Indonesia, Malaysia and more.

Get your Regional eSIM 👇",https://t.me/Esimsdata_bot | https://esimsdata.com/,"Network tower,  map, tech aesthetic",📋 Draft,25.03.2027
178,📱 App feature,Tourist? Blogger? Digital nomad? We calculate your data needs 🌍,"Different travel styles = different data needs.

Our calculator handles all of them:
✈️ Short trip light use → 1GB/7d
📸 Content creator → 10GB/30d
💻 Remote work → Unlimited

Find your perfect plan in seconds. Open Mini App 👇",https://t.me/Esimsdata_bot,"Telegram mini app UI, feature highlight, clean design",📋 Draft,26.03.2027
179,📶 Plan spotlight,Featured: Hong Kong 🇭🇰 — all plans this week,"This week we spotlight Hong Kong 🇭🇰

📶 Plans: 1GB/7d · 3GB/30d · 5GB/30d · 10GB/30d · 20GB/30d
🔗 Network: HKT / Hutchison 3HK

Available in our Mini App 👇",https://t.me/Esimsdata_bot | https://esimsdata.com/," travel photo, plan badge, operator logo",📋 Draft,29.03.2027
180,📰 News,📣 Update: Our Vietnam 🇻🇳 and Thailand 🇹🇭 eSIM plans now include real local phone,"📣 Update: Our Vietnam 🇻🇳 and Thailand 🇹🇭 eSIM plans now include real local phone numbers (+84 & +66).

Calls + data in one eSIM.
✅ Register on Zalo, Line, Grab
✅ Receive OTPs on local services

Get yours 👇",https://t.me/Esimsdata_bot | https://esimsdata.com/,"Network tower,  map, tech aesthetic",📋 Draft,30.03.2027
181,📰 News,📡 5G coverage is expanding across 20+ countries we serve.,"📡 5G coverage is expanding across 20+ countries we serve.

Faster speeds at airports, hotels and city centers.
Our plans automatically connect to the best available network.

Check your destination 👇",https://t.me/Esimsdata_bot | https://esimsdata.com/,"Network tower,  map, tech aesthetic",📋 Draft,01.04.2027
182,📰 News,🌍 New countries added to our Global eSIM coverage.,"🌍 New countries added to our Global eSIM coverage.

106 countries on one plan — that's the Global eSIM.
Perfect for frequent travelers and digital nomads.

Get your Global eSIM 👇",https://t.me/Esimsdata_bot | https://esimsdata.com/,"Network tower,  map, tech aesthetic",📋 Draft,02.04.2027
183,📶 Plan spotlight,Featured: Morocco 🇲🇦 — all plans this week,"This week we spotlight Morocco 🇲🇦

📶 Plans: 1GB/7d · 3GB/30d · 5GB/30d · 10GB/30d
🔗 Network: Maroc Telecom / INWI

Available in our Mini App 👇",https://t.me/Esimsdata_bot | https://esimsdata.com/," travel photo, plan badge, operator logo",📋 Draft,05.04.2027
184,📰 News,🔒 Privacy reminder: Our eSIM plans don't require ID or local operator registrati,"🔒 Privacy reminder: Our eSIM plans don't require ID or local operator registration.

For privacy-conscious travelers — no passport scan, no contract.
✅ Works in 150+ countries

Get yours 👇",https://t.me/Esimsdata_bot | https://esimsdata.com/,"Network tower,  map, tech aesthetic",📋 Draft,06.04.2027
185,📰 News,🎁 First time buying an eSIM? Use promo code FIRST5 for 5% off your first plan.,"🎁 First time buying an eSIM? Use promo code FIRST5 for 5% off your first plan.

Works on any plan, any country.
Apply at checkout in our Mini App.

Get your first eSIM 👇",https://t.me/Esimsdata_bot | https://esimsdata.com/,"Network tower,  map, tech aesthetic",📋 Draft,08.04.2027
186,📰 News,📱 Our Mini App is available in English and Russian.,"📱 Our Mini App is available in English and Russian.

Manage your eSIMs, track data balance, top up — all inside Telegram.
No separate app needed.

Open Mini App 👇",https://t.me/Esimsdata_bot | https://esimsdata.com/,"Network tower,  map, tech aesthetic",📋 Draft,09.04.2027
187,📶 Plan spotlight,Featured: Philippines 🇵🇭 — all plans this week,"This week we spotlight Philippines 🇵🇭

📶 Plans: 1GB/7d · 3GB/30d · 5GB/30d · 10GB/30d
🔗 Network: Globe Telecom

Available in our Mini App 👇",https://t.me/Esimsdata_bot | https://esimsdata.com/," travel photo, plan badge, operator logo",📋 Draft,12.04.2027
188,📰 News,📊 Usage tip: use our Traffic Calculator to find the right plan size.,"📊 Usage tip: use our Traffic Calculator to find the right plan size.

Tell us your travel style (tourist / nomad / blogger) and we'll recommend the perfect plan.

Open Mini App 👇",https://t.me/Esimsdata_bot | https://esimsdata.com/,"Network tower,  map, tech aesthetic",📋 Draft,13.04.2027
189,📰 News,"👥 Refer a friend, both save 6%.","👥 Refer a friend, both save 6%.

Our referral program:
✅ Friend gets 6% off
✅ You earn 6% promo credit
✅ No limits on referrals

Find your link in the Mini App 👇",https://t.me/Esimsdata_bot | https://esimsdata.com/,"Network tower,  map, tech aesthetic",📋 Draft,15.04.2027
190,📰 News,📣 Update: Our Vietnam 🇻🇳 and Thailand 🇹🇭 eSIM plans now include real local phone,"📣 Update: Our Vietnam 🇻🇳 and Thailand 🇹🇭 eSIM plans now include real local phone numbers (+84 & +66).

Calls + data in one eSIM.
✅ Register on Zalo, Line, Grab
✅ Receive OTPs on local services

Get yours 👇",https://t.me/Esimsdata_bot | https://esimsdata.com/,"Network tower,  map, tech aesthetic",📋 Draft,16.04.2027
191,📶 Plan spotlight,Featured: Russia 🇷🇺 — all plans this week,"This week we spotlight Russia 🇷🇺

📶 Plans: 1GB/7d · 3GB/30d · 5GB/30d · 10GB/30d · 20GB/30d
🔗 Network: MegaFon

Available in our Mini App 👇",https://t.me/Esimsdata_bot | https://esimsdata.com/," travel photo, plan badge, operator logo",📋 Draft,19.04.2027
192,📰 News,🌍 New countries added to our Global eSIM coverage.,"🌍 New countries added to our Global eSIM coverage.

106 countries on one plan — that's the Global eSIM.
Perfect for frequent travelers and digital nomads.

Get your Global eSIM 👇",https://t.me/Esimsdata_bot | https://esimsdata.com/,"Network tower,  map, tech aesthetic",📋 Draft,20.04.2027
193,🎉 Seasonal,Pre-summer,"🌞 Summer is coming — is your eSIM ready?

Order before peak season for instant, stress-free connectivity anywhere.

✅ 150+ countries
✅ Activate from your phone settings
✅ No SIM card, no queues, no stress

Get your plan 👇
https://t.me/Esimsdata_bot | https://esimsdata.com/",https://t.me/Esimsdata_bot | https://esimsdata.com/,"April seasonal travel, warm tones",📋 Draft,22.04.2027
194,📱 App feature,Extended your trip? Extend your data too. ✈️,"Plans change. Data needs change.

If you're staying longer than planned:
✅ Check your balance in 'My eSIMs'
✅ Top up your active plan directly
✅ Or browse new plans for extended stays

Flexibility built in. Open Mini App 👇",https://t.me/Esimsdata_bot,"Telegram mini app UI, feature highlight, clean design",📋 Draft,23.04.2027
195,📶 Plan spotlight,Featured: Cambodia 🇰🇭 — all plans this week,"This week we spotlight Cambodia 🇰🇭

📶 Plans: 1GB/7d · 3GB/30d · 5GB/30d
🔗 Network: Metfone

Available in our Mini App 👇",https://t.me/Esimsdata_bot | https://esimsdata.com/," travel photo, plan badge, operator logo",📋 Draft,26.04.2027
196,📰 News,📱 Our Mini App is available in English and Russian.,"📱 Our Mini App is available in English and Russian.

Manage your eSIMs, track data balance, top up — all inside Telegram.
No separate app needed.

Open Mini App 👇",https://t.me/Esimsdata_bot | https://esimsdata.com/,"Network tower,  map, tech aesthetic",📋 Draft,27.04.2027
197,📰 News,✅ Regional eSIM update: our Asia Regional plan now covers 18+ countries.,"✅ Regional eSIM update: our Asia Regional plan now covers 18+ countries.

Perfect for Southeast Asia tours — one plan for Thailand, Vietnam, Indonesia, Malaysia and more.

Get your Regional eSIM 👇",https://t.me/Esimsdata_bot | https://esimsdata.com/,"Network tower,  map, tech aesthetic",📋 Draft,29.04.2027
198,📰 News,📊 Usage tip: use our Traffic Calculator to find the right plan size.,"📊 Usage tip: use our Traffic Calculator to find the right plan size.

Tell us your travel style (tourist / nomad / blogger) and we'll recommend the perfect plan.

Open Mini App 👇",https://t.me/Esimsdata_bot | https://esimsdata.com/,"Network tower,  map, tech aesthetic",📋 Draft,30.04.2027
199,📶 Plan spotlight,Featured: Kenya 🇰🇪 — all plans this week,"This week we spotlight Kenya 🇰🇪

📶 Plans: 1GB/7d · 3GB/30d · 5GB/30d · 10GB/30d · 20GB/30d
🔗 Network: Airtel Kenya

Available in our Mini App 👇",https://t.me/Esimsdata_bot | https://esimsdata.com/," travel photo, plan badge, operator logo",📋 Draft,03.05.2027
200,📰 News,📣 Update: Our Vietnam 🇻🇳 and Thailand 🇹🇭 eSIM plans now include real local phone,"📣 Update: Our Vietnam 🇻🇳 and Thailand 🇹🇭 eSIM plans now include real local phone numbers (+84 & +66).

Calls + data in one eSIM.
✅ Register on Zalo, Line, Grab
✅ Receive OTPs on local services

Get yours 👇",https://t.me/Esimsdata_bot | https://esimsdata.com/,"Network tower,  map, tech aesthetic",📋 Draft,04.05.2027
201,📰 News,📡 5G coverage is expanding across 20+ countries we serve.,"📡 5G coverage is expanding across 20+ countries we serve.

Faster speeds at airports, hotels and city centers.
Our plans automatically connect to the best available network.

Check your destination 👇",https://t.me/Esimsdata_bot | https://esimsdata.com/,"Network tower,  map, tech aesthetic",📋 Draft,06.05.2027
202,📰 News,🌍 New countries added to our Global eSIM coverage.,"🌍 New countries added to our Global eSIM coverage.

106 countries on one plan — that's the Global eSIM.
Perfect for frequent travelers and digital nomads.

Get your Global eSIM 👇",https://t.me/Esimsdata_bot | https://esimsdata.com/,"Network tower,  map, tech aesthetic",📋 Draft,07.05.2027
203,📶 Plan spotlight,Featured: South Africa 🇿🇦 — all plans this week,"This week we spotlight South Africa 🇿🇦

📶 Plans: 1GB/7d · 3GB/30d · 5GB/30d · 10GB/30d · 20GB/30d
🔗 Network: Vodacom

Available in our Mini App 👇",https://t.me/Esimsdata_bot | https://esimsdata.com/," travel photo, plan badge, operator logo",📋 Draft,10.05.2027
204,📰 News,🔒 Privacy reminder: Our eSIM plans don't require ID or local operator registrati,"🔒 Privacy reminder: Our eSIM plans don't require ID or local operator registration.

For privacy-conscious travelers — no passport scan, no contract.
✅ Works in 150+ countries

Get yours 👇",https://t.me/Esimsdata_bot | https://esimsdata.com/,"Network tower,  map, tech aesthetic",📋 Draft,11.05.2027
205,📰 News,🎁 First time buying an eSIM? Use promo code FIRST5 for 5% off your first plan.,"🎁 First time buying an eSIM? Use promo code FIRST5 for 5% off your first plan.

Works on any plan, any country.
Apply at checkout in our Mini App.

Get your first eSIM 👇",https://t.me/Esimsdata_bot | https://esimsdata.com/,"Network tower,  map, tech aesthetic",📋 Draft,13.05.2027
206,📰 News,📱 Our Mini App is available in English and Russian.,"📱 Our Mini App is available in English and Russian.

Manage your eSIMs, track data balance, top up — all inside Telegram.
No separate app needed.

Open Mini App 👇",https://t.me/Esimsdata_bot | https://esimsdata.com/,"Network tower,  map, tech aesthetic",📋 Draft,14.05.2027
207,📶 Plan spotlight,Featured: France 🇫🇷 — all plans this week,"This week we spotlight France 🇫🇷

📶 Plans: 1GB/7d · 3GB/30d · 5GB/30d · 10GB/30d · 20GB/30d
🔗 Network: Orange France

Available in our Mini App 👇",https://t.me/Esimsdata_bot | https://esimsdata.com/," travel photo, plan badge, operator logo",📋 Draft,17.05.2027
208,📰 News,📊 Usage tip: use our Traffic Calculator to find the right plan size.,"📊 Usage tip: use our Traffic Calculator to find the right plan size.

Tell us your travel style (tourist / nomad / blogger) and we'll recommend the perfect plan.

Open Mini App 👇",https://t.me/Esimsdata_bot | https://esimsdata.com/,"Network tower,  map, tech aesthetic",📋 Draft,18.05.2027
209,📰 News,"👥 Refer a friend, both save 6%.","👥 Refer a friend, both save 6%.

Our referral program:
✅ Friend gets 6% off
✅ You earn 6% promo credit
✅ No limits on referrals

Find your link in the Mini App 👇",https://t.me/Esimsdata_bot | https://esimsdata.com/,"Network tower,  map, tech aesthetic",📋 Draft,20.05.2027
